-- Creating all the departments in the institute
INSERT INTO department VALUES ('DEPT1', 'Computer Science and Engineering');
INSERT INTO department VALUES ('DEPT2', 'Biomedical Engineering');
INSERT INTO department VALUES ('DEPT3', 'Chemical Engineering');
INSERT INTO department VALUES ('DEPT4', 'Civil Engineering');
INSERT INTO department VALUES ('DEPT5', 'Electrical Engineering');
INSERT INTO department VALUES ('DEPT6', 'Mechanical Engineering');
INSERT INTO department VALUES ('DEPT7', 'Metallurgical and Materials Engineering');
INSERT INTO department VALUES ('DEPT8', 'Chemistry');
INSERT INTO department VALUES ('DEPT9', 'Physics');
INSERT INTO department VALUES ('DEPT10', 'Mathematics');
INSERT INTO department VALUES ('DEPT11', 'Humanities and Social Sciences');

-- Creating the course catalog
INSERT INTO course_catalog VALUES ('GE103', 'INTRODUCTION TO COMPUTING AND DATA STRUCTURES', 3, 0, 3, 7, 4.5, '{}', 'DEPT1');
INSERT INTO faculty VALUES ('FAC1', 'SHIRSHENDU DAS', 'DEPT1');
INSERT INTO course_offerings VALUES ('GE103', 'FAC1', 2020, 1, 'DEPT1', 0);

INSERT INTO course_catalog VALUES ('MA101', 'CALCULUS', 3, 1, 0, 5, 3, '{}', 'DEPT10');
INSERT INTO faculty VALUES('FAC2', 'KAUSHIK MONDAL', 'DEPT10');
INSERT INTO course_offerings VALUES ('MA101', 'FAC2', 2020, 1, 'DEPT10', 0);

INSERT INTO course_catalog VALUES ('HS103', 'PROFESSIONAL ENGLISH COMMUNICATION', 2, 0, 2, 5, 3, '{}', 'DEPT11');
INSERT INTO faculty VALUES('FAC3', 'RANO RINGO', 'DEPT11');
INSERT INTO course_offerings VALUES ('HS103', 'FAC3', 2020, 1, 'DEPT11', 0);

INSERT INTO course_catalog VALUES ('PH101', 'PHYSICS FOR ENGINEERS', 3, 1, 0, 5, 3, '{}', 'DEPT9');
INSERT INTO faculty VALUES('FAC4', 'DEEPIKA CHOUDHARY', 'DEPT9');
INSERT INTO course_offerings VALUES ('PH101', 'FAC4', 2020, 1, 'DEPT9', 0);

INSERT INTO course_catalog VALUES ('GE105', 'ENGINEERING DRAWING', 0, 0, 3, 1.5, 1.5, '{}', 'DEPT6');
INSERT INTO faculty VALUES('FAC5', 'EKTA SINGLA', 'DEPT6');
INSERT INTO course_offerings VALUES ('GE105', 'FAC5', 2020, 1, 'DEPT6', 0);

INSERT INTO course_catalog VALUES ('CS101', 'DISCRETE MATHEMATICAL STRUCTURES', 3, 1, 0, 5, 3, '{}', 'DEPT1');
INSERT INTO faculty VALUES('FAC6', 'APURVA MUDGAL', 'DEPT1');
INSERT INTO course_offerings VALUES ('CS101', 'FAC6', 2020, 1, 'DEPT1', 0);

INSERT INTO course_catalog VALUES ('MA102', 'LINEAR ALGEBRA, INTEGRAL TRANSFORMS AND SPECIAL FUNCTIONS', 3, 1, 0, 5, 3, '{}', 'DEPT10');
INSERT INTO faculty VALUES('FAC7', 'MANJU KHAN', 'DEPT10');
INSERT INTO course_offerings VALUES ('MA102', 'FAC7', 2020, 2, 'DEPT10', 0);

INSERT INTO course_catalog VALUES ('HS101', 'HISTORY OF TECHNOLOGY', 1.5, 0.5, 0, 2.5, 1.5, '{}', 'DEPT11');
INSERT INTO faculty VALUES('FAC8', 'KAMAL CHAUDHARY', 'DEPT11');
INSERT INTO course_offerings VALUES ('HS101', 'FAC8', 2020, 2, 'DEPT11', 0);

INSERT INTO course_catalog VALUES ('GE104', 'INTRODUCTION TO ELECTRICAL ENGINEERING', 2, 2/3, 2, 13/3, 3, '{}', 'DEPT5');
INSERT INTO faculty VALUES('FAC9', 'KALAISELVI J', 'DEPT5');
INSERT INTO course_offerings VALUES ('GE104', 'FAC9', 2020, 2, 'DEPT5', 0);

INSERT INTO course_catalog VALUES ('GE101', 'TECHNOLOGY MUSEUM LAB', 0, 0, 2, 1, 1, '{}', 'DEPT11');
INSERT INTO faculty VALUES('FAC10', 'RAJESH GUPTA', 'DEPT11');
INSERT INTO course_offerings VALUES ('GE101', 'FAC10', 2020, 2, 'DEPT11', 0);

INSERT INTO course_catalog VALUES ('GE102', 'WORKSHOP PRACTICE', 0, 0, 4, 2, 2, '{}', 'DEPT6');
INSERT INTO faculty VALUES('FAC11', 'ANSHU JAYAL', 'DEPT6');
INSERT INTO course_offerings VALUES ('GE102', 'FAC11', 2020, 2, 'DEPT6', 0);

INSERT INTO course_catalog VALUES ('CY101', 'CHEMISTRY FOR ENGINEERS', 3, 1, 2, 6, 4, '{}', 'DEPT8');
INSERT INTO faculty VALUES('FAC12', 'PRABAL BANERJEE', 'DEPT8');
INSERT INTO course_offerings VALUES ('CY101', 'FAC12', 2020, 2, 'DEPT8', 0);

INSERT INTO course_catalog VALUES ('PH102', 'PHYSICS FOR ENGINEERS LAB', 0, 0, 4, 2, 2, '{}', 'DEPT9');
INSERT INTO faculty VALUES('FAC13', 'ASOKA BISWAS', 'DEPT9');
INSERT INTO course_offerings VALUES ('PH102', 'FAC13', 2020, 2, 'DEPT9', 0);

INSERT INTO course_catalog VALUES ('CS201', 'DATA STRUCTURES', 3, 1, 2, 6, 4, '{"GE103"}', 'DEPT1');
INSERT INTO faculty VALUES('FAC14', 'ANIL SHUKLA', 'DEPT1');
INSERT INTO course_offerings VALUES ('CS201', 'FAC14', 2021, 1, 'DEPT1', 0);

INSERT INTO course_catalog VALUES ('MA201', 'DIFFERENTIAL EQUATIONS', 3, 1, 0, 5, 3, '{}', 'DEPT10');
INSERT INTO faculty VALUES('FAC15', 'P S DUTTA', 'DEPT10');
INSERT INTO course_offerings VALUES ('MA201', 'FAC15', 2021, 1, 'DEPT10', 0);

INSERT INTO course_catalog VALUES ('CS203', 'DIGITAL LOGIC DESIGN', 3, 1, 3, 6, 4, '{}', 'DEPT1');
INSERT INTO faculty VALUES('FAC16', 'NEERAJ GOEL', 'DEPT1');
INSERT INTO course_offerings VALUES ('CS203', 'FAC16', 2021, 1, 'DEPT1', 0);

INSERT INTO course_catalog VALUES ('GE107', 'TINKERING LAB', 0, 0, 3, 3/2, 1.5, '{}', 'DEPT1');
INSERT INTO faculty VALUES('FAC17', 'NITIN AULUCK', 'DEPT1');
INSERT INTO course_offerings VALUES ('GE107', 'FAC17', 2021, 1, 'DEPT1', 0);

INSERT INTO course_catalog VALUES ('HS201', 'ECONOMICS', 3, 1, 0, 5, 3, '{}', 'DEPT11');
INSERT INTO faculty VALUES('FAC18', 'SAMARESH BARDHAN', 'DEPT11');
INSERT INTO course_offerings VALUES ('HS201', 'FAC18', 2021, 1, 'DEPT11', 0);

INSERT INTO course_catalog VALUES ('EE201', 'SIGNALS AND SYSTEMS', 3, 1, 0, 5, 3, '{}', 'DEPT5');
INSERT INTO faculty VALUES('FAC19', 'BRIJESH KUMBHANI', 'DEPT5');
INSERT INTO course_offerings VALUES ('EE201', 'FAC19', 2021, 1, 'DEPT5', 0);

INSERT INTO course_catalog VALUES ('HS202', 'HUMAN GEOGRAPHY AND SOCIAL NEEDS', 1, 1/3, 4, 11/3, 3, '{}', 'DEPT11');
INSERT INTO course_offerings VALUES ('HS202', 'FAC8', 2021, 2, 'DEPT11', 0);

INSERT INTO course_catalog VALUES ('MA202', 'PROBABILITY AND STATISTICS', 3, 0, 0, 6, 3, '{}', 'DEPT10');
INSERT INTO faculty VALUES('FAC20', 'ARUN KUMAR', 'DEPT10');
INSERT INTO course_offerings VALUES ('MA202', 'FAC20', 2021, 2, 'DEPT10', 0);

INSERT INTO course_catalog VALUES ('GE108', 'BASIC ELECTRONICS', 2, 2/3, 2, 13/3, 3, '{}', 'DEPT5');
INSERT INTO faculty VALUES('FAC21', 'DEVARSHI MRINAL DAS', 'DEPT5');
INSERT INTO course_offerings VALUES ('GE108', 'FAC21', 2021, 2, 'DEPT5', 0);

INSERT INTO course_catalog VALUES ('GE109', 'INTRODUCTION TO ENGINEERING PRODUCTS', 0, 0, 2, 1, 1, '{}', 'DEPT4');
INSERT INTO faculty VALUES('FAC22', 'NAVEEN JAMES', 'DEPT4');
INSERT INTO course_offerings VALUES ('GE109', 'FAC22', 2021, 2, 'DEPT4', 0);

INSERT INTO course_catalog VALUES ('CS202', 'PROGRAMMING PARADIGMS AND PRAGMATICS', 3, 1, 2, 6, 4, '{"CS201"}', 'DEPT1');
INSERT INTO faculty VALUES('FAC23', 'DEEPTI R BATHULA', 'DEPT1');
INSERT INTO course_offerings VALUES ('CS202', 'FAC23', 2021, 2, 'DEPT1', 0);

INSERT INTO course_catalog VALUES ('CS204', 'COMPUTER ARCHITECTURE', 3, 1, 2, 6, 4, '{"CS203", "GE103"}', 'DEPT1');
INSERT INTO faculty VALUES('FAC24', 'SHIRSHENDU DAS', 'DEPT1');
INSERT INTO course_offerings VALUES ('CS204', 'FAC24', 2021, 2, 'DEPT1', 0);

INSERT INTO course_catalog VALUES ('NS101', 'NSS I', 0, 0, 2, 1, 1, '{}', 'DEPT10');
INSERT INTO faculty VALUES('FAC25', 'BALESH KUMAR', 'DEPT10');
INSERT INTO course_offerings VALUES ('NS101', 'FAC25', 2021, 2, 'DEPT10', 0);

INSERT INTO course_catalog VALUES ('CS522', 'SOCIAL COMPUTING AND NETWORKS', 2, 0, 2, 5, 3, '{}', 'DEPT1');
INSERT INTO faculty VALUES('FAC26', 'SUDARSHAN IYENGAR', 'DEPT1');
INSERT INTO course_offerings VALUES ('CS522', 'FAC26', 2022, 1, 'DEPT1', 0);

INSERT INTO course_catalog VALUES ('HS104', 'PROFESSIONAL ETHICS', 1, 1/3, 1, 13/6, 1.5, '{}', 'DEPT11');
INSERT INTO faculty VALUES('FAC27', 'SREEKUMAR JAYADEVAN', 'DEPT11');
INSERT INTO course_offerings VALUES ('HS104', 'FAC27', 2022, 1, 'DEPT11', 0);

INSERT INTO course_catalog VALUES ('GE111', 'INTRODUCTION TO ENVIRONMENTAL SCIENCE AND ENGINEERING', 3, 1, 0, 5, 3, '{}', 'DEPT3');
INSERT INTO faculty VALUES('FAC28', 'SARANG GUMFEKAR', 'DEPT3');
INSERT INTO course_offerings VALUES ('GE111', 'FAC28', 2022, 1, 'DEPT3', 0);

INSERT INTO course_catalog VALUES ('BM101', 'BIOLOGY FOR ENGINEERS', 3, 1, 0, 5, 3, '{}', 'DEPT2');
INSERT INTO faculty VALUES('FAC29', 'BODHISATWA DAS', 'DEPT2');
INSERT INTO course_offerings VALUES ('BM101', 'FAC29', 2022, 1, 'DEPT2', 0);

INSERT INTO course_catalog VALUES ('CS301', 'DATABASES', 3, 1, 2, 6, 4, '{"CS201"}', 'DEPT1');
INSERT INTO faculty VALUES('FAC30', 'VISWANATH GUNTURI', 'DEPT1');
INSERT INTO course_offerings VALUES ('CS301', 'FAC30', 2022, 1, 'DEPT1', 0);

INSERT INTO course_catalog VALUES ('CS302', 'ANALYSIS AND DESIGN OF ALGORITHMS', 3, 1, 0, 5, 3, '{"CS101", "CS201"}', 'DEPT1');
INSERT INTO course_offerings VALUES ('CS302', 'FAC6', 2022, 1, 'DEPT1', 0);

INSERT INTO course_catalog VALUES ('CS303', 'OPERATING SYSTEMS', 3, 1, 2, 6, 4, '{"CS201"}', 'DEPT1');
INSERT INTO course_offerings VALUES ('CS303', 'FAC17', 2022, 1, 'DEPT1', 0);

INSERT INTO course_catalog VALUES ('NS102', 'NSS II', 0, 0, 2, 1, 1, '{}', 'DEPT10');
INSERT INTO course_offerings VALUES ('NS102', 'FAC25', 2022, 1, 'DEPT10', 0);

INSERT INTO course_catalog VALUES ('HS301', 'INDUSTRIAL MANAGEMENT', 3, 1, 0, 5, 3, '{}', 'DEPT11');
INSERT INTO faculty VALUES('FAC31', 'AMRITESH', 'DEPT11');
INSERT INTO course_offerings VALUES ('HS301', 'FAC31', 2022, 2, 'DEPT11', 0);

INSERT INTO course_catalog VALUES ('CS304', 'COMPUTER NETWORKS', 3, 1, 2, 6, 4, '{"CS201"}', 'DEPT1');
INSERT INTO faculty VALUES('FAC32', 'SUJATA PAL', 'DEPT1');
INSERT INTO course_offerings VALUES ('CS304', 'FAC32', 2022, 2, 'DEPT1', 0);

INSERT INTO course_catalog VALUES ('CS305', 'SOFTWARE ENGINEERING', 3, 1, 2, 6, 4, '{"CS301", "CS303"}', 'DEPT1');
INSERT INTO faculty VALUES('FAC33', 'BALWINDER SODHI', 'DEPT1');
INSERT INTO course_offerings VALUES ('CS305', 'FAC33', 2022, 2, 'DEPT1', 0);

INSERT INTO course_catalog VALUES ('CS306', 'THEORY OF COMPUTATION', 3, 1, 0, 5, 3, '{"CS101"}', 'DEPT1');
INSERT INTO course_offerings VALUES ('CS306', 'FAC14', 2022, 2, 'DEPT1', 0);

INSERT INTO course_catalog VALUES ('CP301', 'DEVELOPMENT ENGINEERING PRODUCT', 0, 0, 6, 3, 3, '{}', 'DEPT1');
INSERT INTO faculty VALUES('FAC34', 'PUNEET GOYAL', 'DEPT1');
INSERT INTO course_offerings VALUES ('CP301', 'FAC34', 2022, 2, 'DEPT1', 0);

INSERT INTO course_catalog VALUES ('NS103', 'NSS III', 0, 0, 2, 1, 1, '{}', 'DEPT10');
INSERT INTO course_offerings VALUES ('NS103', 'FAC25', 2022, 2, 'DEPT10', 0);

INSERT INTO course_catalog VALUES ('CS535', 'INTRODUCTION TO GAME THEORY AND MECHANISM DESIGN', 3, 0, 0, 6, 3, '{}', 'DEPT1');
INSERT INTO faculty VALUES('FAC35', 'SHWETA JAIN', 'DEPT1');
INSERT INTO course_offerings VALUES ('CS535', 'FAC35', 2022, 2, 'DEPT1', 0);

INSERT INTO course_catalog VALUES ('CP302', 'CAPSTONE I', 0, 0, 6, 3, 3, '{}', 'DEPT1');
INSERT INTO faculty VALUES('FAC36', 'ABHINAV DHALL', 'DEPT1');
INSERT INTO course_offerings VALUES ('CP302', 'FAC36', 2023, 1, 'DEPT1', 0);

INSERT INTO course_catalog VALUES ('II301', 'INDUSTRIAL INTERNSHIP AND COMPREHENSIVE VIVA', 0, 0, 7, 3.5, 3.5, '{}', 'DEPT1');
INSERT INTO course_offerings VALUES ('II301', 'FAC36', 2023, 1, 'DEPT1', 0);

INSERT INTO course_catalog VALUES ('MA515', 'FOUNDATIONS OF DATA SCIENCE', 3, 0, 2, 7, 4, '{}', 'DEPT10');
INSERT INTO course_offerings VALUES ('MA515', 'FAC20', 2023, 1, 'DEPT10', 0);

INSERT INTO course_catalog VALUES ('HS475', 'AN INTRODUCTION TO FANTASY AND SCIENCE FICTION', 3, 0, 0, 6, 3, '{}', 'DEPT11');
INSERT INTO course_offerings VALUES ('HS475', 'FAC3', 2023, 1, 'DEPT11', 0);

INSERT INTO course_catalog VALUES ('CS517', 'DIGITAL IMAGE PROCESSING AND ANALYSIS', 2, 1, 2, 4, 3, '{}', 'DEPT1');
INSERT INTO course_offerings VALUES ('CS517', 'FAC23', 2023, 1, 'DEPT1', 0);

INSERT INTO course_catalog VALUES ('CP303', 'CAPSTONE II', 0, 0, 6, 3, 3, '{"CP302"}', 'DEPT1');
INSERT INTO course_offerings VALUES ('CP303', 'FAC36', 2023, 2, 'DEPT1', 0);

INSERT INTO course_catalog VALUES ('NS104', 'NSS IV', 0, 0, 2, 1, 1, '{}', 'DEPT10');
INSERT INTO course_offerings VALUES ('NS104', 'FAC25', 2023, 2, 'DEPT10', 0);

INSERT INTO course_catalog VALUES ('MA628', 'FINANCIAL DERIVATIVES PRICING', 3, 0, 2, 7, 4, '{}', 'DEPT10');
INSERT INTO course_offerings VALUES ('MA628', 'FAC20', 2023, 2, 'DEPT10', 0);

INSERT INTO course_catalog VALUES ('CS550', 'RESEARCH METHODOLOGIES IN COMPUTER SCIENCE', 1, 0, 0, 2, 1, '{}', 'DEPT1');
INSERT INTO faculty VALUES('FAC37', 'MUKESH SAINI', 'DEPT1');
INSERT INTO course_offerings VALUES ('CS550', 'FAC37', 2023, 2, 'DEPT1', 0);

INSERT INTO course_catalog VALUES ('HS507', 'POSITIVE PSYCHOLOGY AND WELL-BEING', 3, 0, 0, 6, 3, '{}', 'DEPT11');
INSERT INTO faculty VALUES('FAC38', 'PARWINDER SINGH', 'DEPT11');
INSERT INTO course_offerings VALUES ('HS507', 'FAC38', 2023, 2, 'DEPT11', 0);

INSERT INTO course_catalog VALUES ('CS539', 'INTERNET OF THINGS', 3, 0, 0, 6, 3, '{}', 'DEPT1');
INSERT INTO course_offerings VALUES ('CS539', 'FAC32', 2023, 2, 'DEPT1', 0);